-- MySQL dump 10.13  Distrib 8.0.44, for Linux (x86_64)
--
-- Host: localhost    Database: gps_platform
-- ------------------------------------------------------
-- Server version	8.0.44

/*!40101 SET @OLD_CHARACTER_SET_CLIENT=@@CHARACTER_SET_CLIENT */;
/*!40101 SET @OLD_CHARACTER_SET_RESULTS=@@CHARACTER_SET_RESULTS */;
/*!40101 SET @OLD_COLLATION_CONNECTION=@@COLLATION_CONNECTION */;
/*!50503 SET NAMES utf8mb4 */;
/*!40103 SET @OLD_TIME_ZONE=@@TIME_ZONE */;
/*!40103 SET TIME_ZONE='+00:00' */;
/*!40014 SET @OLD_UNIQUE_CHECKS=@@UNIQUE_CHECKS, UNIQUE_CHECKS=0 */;
/*!40014 SET @OLD_FOREIGN_KEY_CHECKS=@@FOREIGN_KEY_CHECKS, FOREIGN_KEY_CHECKS=0 */;
/*!40101 SET @OLD_SQL_MODE=@@SQL_MODE, SQL_MODE='NO_AUTO_VALUE_ON_ZERO' */;
/*!40111 SET @OLD_SQL_NOTES=@@SQL_NOTES, SQL_NOTES=0 */;

--
-- Table structure for table `alarms`
--

DROP TABLE IF EXISTS `alarms`;
/*!40101 SET @saved_cs_client     = @@character_set_client */;
/*!50503 SET character_set_client = utf8mb4 */;
CREATE TABLE `alarms` (
  `id` bigint NOT NULL AUTO_INCREMENT,
  `device_id` varchar(20) NOT NULL COMMENT 'ç»ˆç«¯ID',
  `alarm_type` int NOT NULL COMMENT 'æŠ¥è­¦ç±»åž‹',
  `alarm_name` varchar(50) DEFAULT NULL COMMENT 'æŠ¥è­¦åç§°',
  `alarm_flag` int unsigned DEFAULT '0' COMMENT 'æŠ¥è­¦æ ‡å¿—ä½',
  `alarm_level` tinyint DEFAULT '1' COMMENT 'æŠ¥è­¦çº§åˆ« 1ä¸€èˆ¬ 2é‡è¦ 3ç´§æ€¥',
  `latitude` decimal(10,6) DEFAULT NULL COMMENT 'çº¬åº¦',
  `longitude` decimal(10,6) DEFAULT NULL COMMENT 'ç»åº¦',
  `altitude` smallint unsigned DEFAULT '0' COMMENT 'æµ·æ‹”',
  `speed` decimal(5,1) DEFAULT '0.0' COMMENT 'é€Ÿåº¦',
  `direction` smallint unsigned DEFAULT '0' COMMENT 'æ–¹å‘',
  `address` varchar(255) DEFAULT NULL COMMENT 'åœ°å€',
  `status` tinyint DEFAULT '0' COMMENT 'å¤„ç†çŠ¶æ€ 0æœªå¤„ç† 1å·²å¤„ç† 2å·²å¿½ç•¥',
  `handler_id` int DEFAULT NULL COMMENT 'å¤„ç†äººID',
  `handle_time` datetime DEFAULT NULL COMMENT 'å¤„ç†æ—¶é—´',
  `handle_remark` varchar(500) DEFAULT NULL COMMENT 'å¤„ç†å¤‡æ³¨',
  `gps_time` datetime NOT NULL COMMENT 'GPSæ—¶é—´',
  `created_at` datetime DEFAULT CURRENT_TIMESTAMP,
  PRIMARY KEY (`id`),
  KEY `idx_device_time` (`device_id`,`gps_time`),
  KEY `idx_alarm_type` (`alarm_type`),
  KEY `idx_status` (`status`),
  KEY `idx_created_at` (`created_at`),
  KEY `alarms_device_id_gps_time` (`device_id`,`gps_time`),
  KEY `alarms_alarm_type` (`alarm_type`),
  KEY `alarms_status` (`status`),
  KEY `alarms_created_at` (`created_at`)
) ENGINE=InnoDB AUTO_INCREMENT=10 DEFAULT CHARSET=utf8mb4 COLLATE=utf8mb4_0900_ai_ci COMMENT='æŠ¥è­¦è®°å½•è¡¨';
/*!40101 SET character_set_client = @saved_cs_client */;

--
-- Dumping data for table `alarms`
--

LOCK TABLES `alarms` WRITE;
/*!40000 ALTER TABLE `alarms` DISABLE KEYS */;
INSERT INTO `alarms` VALUES (1,'13912345678',1,'超速报警',2,2,39.904200,116.407400,50,120.0,90,NULL,0,NULL,NULL,NULL,'2026-01-04 18:30:45','2026-01-04 18:30:45'),(2,'13912345678',1,'超速报警',2,2,39.904200,116.407400,50,120.0,90,NULL,0,NULL,NULL,NULL,'2026-01-04 18:38:42','2026-01-04 18:38:42'),(3,'13912345678',1,'超速报警',2,2,39.904200,116.407400,50,120.0,90,NULL,0,NULL,NULL,NULL,'2026-01-05 15:23:41','2026-01-05 15:23:41'),(4,'13912345678',1,'超速报警',2,2,39.904200,116.407400,50,120.0,90,NULL,0,NULL,NULL,NULL,'2026-01-05 15:33:17','2026-01-05 15:33:17'),(5,'013912345678',2,'è¶…é€ŸæŠ¥è­¦',0,2,39.902000,116.403000,0,85.5,0,NULL,0,NULL,NULL,NULL,'2026-01-06 04:50:40','2026-01-06 04:50:40'),(6,'013812345680',4,'ç–²åŠ³é©¾é©¶',0,3,31.228000,121.471000,0,58.5,0,NULL,0,NULL,NULL,NULL,'2026-01-06 02:50:40','2026-01-06 02:50:40'),(7,'013712345682',1,'ç´§æ€¥æŠ¥è­¦',0,3,23.126000,113.261000,0,50.5,0,NULL,1,NULL,NULL,NULL,'2026-01-05 06:50:40','2026-01-05 06:50:40'),(8,'013912345679',2,'è¶…é€ŸæŠ¥è­¦',0,2,39.915000,116.420000,0,92.0,0,NULL,0,NULL,NULL,NULL,'2026-01-06 06:20:40','2026-01-06 06:20:40'),(9,'013712345685',8,'åŒºåŸŸæŠ¥è­¦',0,1,23.140000,113.280000,0,38.5,0,NULL,0,NULL,NULL,NULL,'2026-01-06 05:50:40','2026-01-06 05:50:40');
/*!40000 ALTER TABLE `alarms` ENABLE KEYS */;
UNLOCK TABLES;

--
-- Table structure for table `companies`
--

DROP TABLE IF EXISTS `companies`;
/*!40101 SET @saved_cs_client     = @@character_set_client */;
/*!50503 SET character_set_client = utf8mb4 */;
CREATE TABLE `companies` (
  `id` int NOT NULL AUTO_INCREMENT,
  `name` varchar(100) NOT NULL COMMENT 'ä¼ä¸šåç§°',
  `short_name` varchar(50) DEFAULT NULL COMMENT 'ç®€ç§°',
  `parent_id` int DEFAULT NULL COMMENT 'ä¸Šçº§ä¼ä¸šID',
  `contact_name` varchar(50) DEFAULT NULL COMMENT 'è”ç³»äºº',
  `contact_phone` varchar(20) DEFAULT NULL COMMENT 'è”ç³»ç”µè¯',
  `address` varchar(255) DEFAULT NULL COMMENT 'åœ°å€',
  `status` tinyint DEFAULT '1' COMMENT 'çŠ¶æ€',
  `created_at` datetime DEFAULT CURRENT_TIMESTAMP,
  `updated_at` datetime DEFAULT CURRENT_TIMESTAMP ON UPDATE CURRENT_TIMESTAMP,
  PRIMARY KEY (`id`),
  KEY `idx_parent_id` (`parent_id`),
  KEY `companies_parent_id` (`parent_id`)
) ENGINE=InnoDB AUTO_INCREMENT=4 DEFAULT CHARSET=utf8mb4 COLLATE=utf8mb4_0900_ai_ci COMMENT='ä¼ä¸šè¡¨';
/*!40101 SET character_set_client = @saved_cs_client */;

--
-- Dumping data for table `companies`
--

LOCK TABLES `companies` WRITE;
/*!40000 ALTER TABLE `companies` DISABLE KEYS */;
INSERT INTO `companies` VALUES (1,'北京智慧交通科技有限公司','智慧交通',NULL,'张经理','13800138001','北京市朝阳区建国路88号',1,'2026-01-06 06:50:40','2026-01-06 06:53:51'),(2,'上海物流运输有限公司','上海物流',NULL,'李总','13900139002','上海市浦东新区陆家嘴金融中心',1,'2026-01-06 06:50:40','2026-01-06 06:53:51'),(3,'广州危险品运输公司','广州危运',NULL,'王主任','13700137003','广州市天河区体育西路',1,'2026-01-06 06:50:40','2026-01-06 06:53:51');
/*!40000 ALTER TABLE `companies` ENABLE KEYS */;
UNLOCK TABLES;

--
-- Table structure for table `device_realtime`
--

DROP TABLE IF EXISTS `device_realtime`;
/*!40101 SET @saved_cs_client     = @@character_set_client */;
/*!50503 SET character_set_client = utf8mb4 */;
CREATE TABLE `device_realtime` (
  `device_id` varchar(20) NOT NULL COMMENT 'ç»ˆç«¯ID',
  `latitude` decimal(10,6) DEFAULT NULL COMMENT 'çº¬åº¦',
  `longitude` decimal(10,6) DEFAULT NULL COMMENT 'ç»åº¦',
  `altitude` smallint unsigned DEFAULT '0' COMMENT 'æµ·æ‹”',
  `speed` decimal(5,1) DEFAULT '0.0' COMMENT 'é€Ÿåº¦',
  `direction` smallint unsigned DEFAULT '0' COMMENT 'æ–¹å‘',
  `mileage` decimal(12,1) DEFAULT NULL COMMENT 'é‡Œç¨‹',
  `alarm_flag` int unsigned DEFAULT '0' COMMENT 'æŠ¥è­¦æ ‡å¿—',
  `status` int unsigned DEFAULT '0' COMMENT 'çŠ¶æ€',
  `acc_on` tinyint(1) DEFAULT '0' COMMENT 'ACCçŠ¶æ€',
  `is_online` tinyint(1) DEFAULT '0' COMMENT 'æ˜¯å¦åœ¨çº¿',
  `gps_time` datetime DEFAULT NULL COMMENT 'GPSæ—¶é—´',
  `updated_at` datetime DEFAULT CURRENT_TIMESTAMP ON UPDATE CURRENT_TIMESTAMP,
  PRIMARY KEY (`device_id`),
  KEY `idx_is_online` (`is_online`),
  KEY `idx_acc_on` (`acc_on`),
  KEY `device_realtime_is_online` (`is_online`),
  KEY `device_realtime_acc_on` (`acc_on`)
) ENGINE=InnoDB DEFAULT CHARSET=utf8mb4 COLLATE=utf8mb4_0900_ai_ci COMMENT='è®¾å¤‡å®žæ—¶çŠ¶æ€è¡¨';
/*!40101 SET character_set_client = @saved_cs_client */;

--
-- Dumping data for table `device_realtime`
--

LOCK TABLES `device_realtime` WRITE;
/*!40000 ALTER TABLE `device_realtime` DISABLE KEYS */;
INSERT INTO `device_realtime` VALUES ('013712345682',23.129100,113.264400,25,48.2,45,67890.2,0,0,1,1,'2026-01-06 06:50:40','2026-01-06 06:50:40'),('013712345685',23.140000,113.280000,30,38.5,135,15280.6,0,0,1,1,'2026-01-06 06:50:40','2026-01-06 06:50:40'),('013812345680',31.230400,121.473700,10,55.8,270,45230.8,0,0,1,1,'2026-01-06 06:50:40','2026-01-06 06:50:40'),('013812345681',31.240000,121.490000,12,0.0,0,23100.5,0,0,0,0,'2026-01-06 04:50:40','2026-01-06 06:50:40'),('013812345684',31.220000,121.450000,8,0.0,0,0.0,0,0,0,0,NULL,'2026-01-06 06:50:40'),('013912345678',39.904200,116.407400,50,45.5,90,12580.5,0,0,1,1,'2026-01-06 06:50:40','2026-01-06 06:50:40'),('013912345679',39.915000,116.420000,48,62.0,180,8920.3,0,0,1,1,'2026-01-06 06:50:40','2026-01-06 06:50:40'),('013912345683',39.930000,116.380000,45,0.0,0,5670.0,0,0,0,0,'2026-01-05 06:50:40','2026-01-06 06:50:40'),('13900000002',39.920000,116.460000,0,0.0,0,NULL,0,0,0,1,NULL,'2026-01-06 02:48:56'),('13900000003',39.930000,116.470000,0,0.0,0,NULL,0,0,0,1,NULL,'2026-01-06 02:48:56'),('13912345678',39.904200,116.407400,50,120.0,90,NULL,2,3,1,0,'2026-01-05 15:37:54','2026-01-05 15:37:55');
/*!40000 ALTER TABLE `device_realtime` ENABLE KEYS */;
UNLOCK TABLES;

--
-- Table structure for table `devices`
--

DROP TABLE IF EXISTS `devices`;
/*!40101 SET @saved_cs_client     = @@character_set_client */;
/*!50503 SET character_set_client = utf8mb4 */;
CREATE TABLE `devices` (
  `id` int NOT NULL AUTO_INCREMENT,
  `device_id` varchar(20) NOT NULL COMMENT 'ç»ˆç«¯ID/æ‰‹æœºå·',
  `sim_no` varchar(20) DEFAULT NULL COMMENT 'SIMå¡å·',
  `plate_no` varchar(20) DEFAULT NULL COMMENT 'è½¦ç‰Œå·',
  `vehicle_id` int DEFAULT NULL COMMENT 'å…³è”è½¦è¾†ID',
  `protocol_version` varchar(10) DEFAULT '2013' COMMENT 'åè®®ç‰ˆæœ¬ 2013/2019',
  `manufacturer_id` varchar(20) DEFAULT NULL COMMENT 'åˆ¶é€ å•†ID',
  `terminal_model` varchar(50) DEFAULT NULL COMMENT 'ç»ˆç«¯åž‹å·',
  `terminal_id` varchar(50) DEFAULT NULL COMMENT 'ç»ˆç«¯ID',
  `auth_code` varchar(100) DEFAULT NULL COMMENT 'é‰´æƒç ',
  `province_id` int DEFAULT NULL COMMENT 'çœåŸŸID',
  `city_id` int DEFAULT NULL COMMENT 'å¸‚åŽ¿åŸŸID',
  `plate_color` tinyint DEFAULT '0' COMMENT 'è½¦ç‰Œé¢œè‰² 0æœªä¸Šç‰Œ 1è“è‰² 2é»„è‰² 3é»‘è‰² 4ç™½è‰² 9å…¶ä»–',
  `is_online` tinyint(1) DEFAULT '0' COMMENT 'æ˜¯å¦åœ¨çº¿',
  `last_heartbeat` datetime DEFAULT NULL COMMENT 'æœ€åŽå¿ƒè·³æ—¶é—´',
  `last_location_time` datetime DEFAULT NULL COMMENT 'æœ€åŽä½ç½®æ—¶é—´',
  `created_at` datetime DEFAULT CURRENT_TIMESTAMP,
  `updated_at` datetime DEFAULT CURRENT_TIMESTAMP ON UPDATE CURRENT_TIMESTAMP,
  PRIMARY KEY (`id`),
  UNIQUE KEY `uk_device_id` (`device_id`),
  KEY `idx_vehicle_id` (`vehicle_id`),
  KEY `idx_plate_no` (`plate_no`),
  KEY `idx_is_online` (`is_online`),
  KEY `devices_vehicle_id` (`vehicle_id`),
  KEY `devices_plate_no` (`plate_no`),
  KEY `devices_is_online` (`is_online`)
) ENGINE=InnoDB AUTO_INCREMENT=9 DEFAULT CHARSET=utf8mb4 COLLATE=utf8mb4_0900_ai_ci COMMENT='ç»ˆç«¯è®¾å¤‡è¡¨';
/*!40101 SET character_set_client = @saved_cs_client */;

--
-- Dumping data for table `devices`
--

LOCK TABLES `devices` WRITE;
/*!40000 ALTER TABLE `devices` DISABLE KEYS */;
INSERT INTO `devices` VALUES (1,'013912345678',NULL,'京A11111',NULL,'2013','XDWTT','GPS-V1','T001','345678_mk0ulvmc',11,0,1,0,'2026-01-05 15:37:48','2026-01-05 15:37:54','2026-01-04 18:20:51','2026-01-06 06:53:32'),(2,'013912345679','13900000002','京A22222',NULL,'2013',NULL,NULL,NULL,NULL,NULL,NULL,0,1,NULL,NULL,'2026-01-06 02:47:19','2026-01-06 06:53:32'),(3,'013812345680','13900000003','沪B33333',NULL,'2013',NULL,NULL,NULL,NULL,NULL,NULL,0,1,NULL,NULL,'2026-01-06 02:47:19','2026-01-06 06:53:32'),(4,'013812345681','13812345681','沪B44444',4,'2013','XDWT','XDW-T100',NULL,NULL,NULL,NULL,0,0,'2026-01-06 04:50:40',NULL,'2026-01-06 06:50:40','2026-01-06 06:53:32'),(5,'013712345682','13712345682','粤C55555',5,'2019','XDWT','XDW-T200',NULL,NULL,NULL,NULL,0,1,'2026-01-06 06:50:40',NULL,'2026-01-06 06:50:40','2026-01-06 06:53:32'),(6,'013912345683','13912345683','京A66666',6,'2019','XDWT','XDW-T100',NULL,NULL,NULL,NULL,0,0,'2026-01-05 06:50:40',NULL,'2026-01-06 06:50:40','2026-01-06 06:53:32'),(7,'013812345684','13812345684','沪B77777',7,'2013','XDWT','XDW-T100',NULL,NULL,NULL,NULL,0,0,NULL,NULL,'2026-01-06 06:50:40','2026-01-06 06:53:32'),(8,'013712345685','13712345685','粤C88888',8,'2019','XDWT','XDW-T100',NULL,NULL,NULL,NULL,0,1,'2026-01-06 06:50:40',NULL,'2026-01-06 06:50:40','2026-01-06 06:53:32');
/*!40000 ALTER TABLE `devices` ENABLE KEYS */;
UNLOCK TABLES;

--
-- Table structure for table `drivers`
--

DROP TABLE IF EXISTS `drivers`;
/*!40101 SET @saved_cs_client     = @@character_set_client */;
/*!50503 SET character_set_client = utf8mb4 */;
CREATE TABLE `drivers` (
  `id` int NOT NULL AUTO_INCREMENT,
  `name` varchar(50) NOT NULL COMMENT 'å§“å',
  `id_card` varchar(20) DEFAULT NULL COMMENT 'èº«ä»½è¯å·',
  `license_no` varchar(20) DEFAULT NULL COMMENT 'é©¾é©¶è¯å·',
  `license_type` varchar(10) DEFAULT NULL COMMENT 'å‡†é©¾è½¦åž‹',
  `phone` varchar(20) DEFAULT NULL COMMENT 'æ‰‹æœºå·',
  `company_id` int DEFAULT NULL COMMENT 'æ‰€å±žä¼ä¸šID',
  `ic_card_no` varchar(50) DEFAULT NULL COMMENT 'ICå¡å·',
  `status` tinyint DEFAULT '1' COMMENT 'çŠ¶æ€',
  `created_at` datetime DEFAULT CURRENT_TIMESTAMP,
  `updated_at` datetime DEFAULT CURRENT_TIMESTAMP ON UPDATE CURRENT_TIMESTAMP,
  PRIMARY KEY (`id`),
  KEY `idx_company_id` (`company_id`),
  KEY `idx_ic_card_no` (`ic_card_no`),
  KEY `drivers_company_id` (`company_id`),
  KEY `drivers_ic_card_no` (`ic_card_no`)
) ENGINE=InnoDB AUTO_INCREMENT=6 DEFAULT CHARSET=utf8mb4 COLLATE=utf8mb4_0900_ai_ci COMMENT='é©¾é©¶å‘˜è¡¨';
/*!40101 SET character_set_client = @saved_cs_client */;

--
-- Dumping data for table `drivers`
--

LOCK TABLES `drivers` WRITE;
/*!40000 ALTER TABLE `drivers` DISABLE KEYS */;
INSERT INTO `drivers` VALUES (1,'å¼ ä¸‰','110101199001011234','D110101199001011234','A2','13811112222',1,NULL,1,'2026-01-06 06:50:40','2026-01-06 06:50:40'),(2,'æŽå››','310101198505052345','D310101198505052345','B2','13922223333',2,NULL,1,'2026-01-06 06:50:40','2026-01-06 06:50:40'),(3,'çŽ‹äº”','440101199203033456','D440101199203033456','A1','13633334444',3,NULL,1,'2026-01-06 06:50:40','2026-01-06 06:50:40'),(4,'èµµå…­','110101198808084567','D110101198808084567','B2','13744445555',1,NULL,1,'2026-01-06 06:50:40','2026-01-06 06:50:40'),(5,'é’±ä¸ƒ','310101199106065678','D310101199106065678','A2','13855556666',2,NULL,1,'2026-01-06 06:50:40','2026-01-06 06:50:40');
/*!40000 ALTER TABLE `drivers` ENABLE KEYS */;
UNLOCK TABLES;

--
-- Table structure for table `locations`
--

DROP TABLE IF EXISTS `locations`;
/*!40101 SET @saved_cs_client     = @@character_set_client */;
/*!50503 SET character_set_client = utf8mb4 */;
CREATE TABLE `locations` (
  `id` bigint NOT NULL AUTO_INCREMENT,
  `device_id` varchar(20) NOT NULL COMMENT 'ç»ˆç«¯ID',
  `alarm_flag` int unsigned DEFAULT '0' COMMENT 'æŠ¥è­¦æ ‡å¿—',
  `status` int unsigned DEFAULT '0' COMMENT 'çŠ¶æ€',
  `latitude` decimal(10,6) NOT NULL COMMENT 'çº¬åº¦',
  `longitude` decimal(10,6) NOT NULL COMMENT 'ç»åº¦',
  `altitude` smallint unsigned DEFAULT '0' COMMENT 'æµ·æ‹”(m)',
  `speed` decimal(5,1) DEFAULT '0.0' COMMENT 'é€Ÿåº¦(km/h)',
  `direction` smallint unsigned DEFAULT '0' COMMENT 'æ–¹å‘(0-359åº¦)',
  `mileage` decimal(12,1) DEFAULT NULL COMMENT 'é‡Œç¨‹(km)',
  `fuel` decimal(8,1) DEFAULT NULL COMMENT 'æ²¹é‡(L)',
  `record_speed` decimal(5,1) DEFAULT NULL COMMENT 'è¡Œé©¶è®°å½•é€Ÿåº¦(km/h)',
  `gps_time` datetime NOT NULL COMMENT 'GPSæ—¶é—´',
  `created_at` datetime DEFAULT CURRENT_TIMESTAMP,
  PRIMARY KEY (`id`),
  KEY `idx_device_time` (`device_id`,`gps_time`),
  KEY `idx_gps_time` (`gps_time`),
  KEY `idx_device_id` (`device_id`),
  KEY `locations_device_id_gps_time` (`device_id`,`gps_time`),
  KEY `locations_gps_time` (`gps_time`),
  KEY `locations_device_id` (`device_id`)
) ENGINE=InnoDB AUTO_INCREMENT=162 DEFAULT CHARSET=utf8mb4 COLLATE=utf8mb4_0900_ai_ci COMMENT='ä½ç½®æ•°æ®è¡¨';
/*!40101 SET character_set_client = @saved_cs_client */;

--
-- Dumping data for table `locations`
--

LOCK TABLES `locations` WRITE;
/*!40000 ALTER TABLE `locations` DISABLE KEYS */;
INSERT INTO `locations` VALUES (1,'13912345678',0,3,39.904837,116.410057,50,56.3,204,NULL,NULL,NULL,'2026-01-04 18:20:54','2026-01-04 18:20:54'),(2,'13912345678',0,3,39.908230,116.409473,50,33.6,174,NULL,NULL,NULL,'2026-01-04 18:20:55','2026-01-04 18:20:55'),(3,'13912345678',0,3,39.902953,116.404509,50,58.2,200,NULL,NULL,NULL,'2026-01-04 18:20:56','2026-01-04 18:20:56'),(4,'13912345678',0,3,39.902181,116.408734,50,63.8,196,NULL,NULL,NULL,'2026-01-04 18:20:57','2026-01-04 18:20:57'),(5,'13912345678',0,3,39.907031,116.406653,50,75.1,256,NULL,NULL,NULL,'2026-01-04 18:20:58','2026-01-04 18:20:58'),(6,'13912345678',2,3,39.904200,116.407400,50,120.0,90,NULL,NULL,NULL,'2026-01-04 18:20:59','2026-01-04 18:20:59'),(7,'13912345678',0,3,39.901784,116.407201,50,63.6,193,NULL,NULL,NULL,'2026-01-04 18:24:52','2026-01-04 18:24:52'),(8,'13912345678',0,3,39.902704,116.406583,50,57.5,294,NULL,NULL,NULL,'2026-01-04 18:24:53','2026-01-04 18:24:53'),(9,'13912345678',0,3,39.906288,116.406274,50,57.3,339,NULL,NULL,NULL,'2026-01-04 18:24:54','2026-01-04 18:24:54'),(10,'13912345678',0,3,39.903005,116.407891,50,65.1,116,NULL,NULL,NULL,'2026-01-04 18:24:55','2026-01-04 18:24:55'),(11,'13912345678',0,3,39.908632,116.406608,50,51.5,131,NULL,NULL,NULL,'2026-01-04 18:24:56','2026-01-04 18:24:56'),(12,'13912345678',2,3,39.904200,116.407400,50,120.0,90,NULL,NULL,NULL,'2026-01-04 18:24:57','2026-01-04 18:24:57'),(13,'13912345678',0,3,39.907335,116.411771,50,61.8,233,NULL,NULL,NULL,'2026-01-04 18:28:05','2026-01-04 18:28:05'),(14,'13912345678',0,3,39.900019,116.409084,50,67.1,272,NULL,NULL,NULL,'2026-01-04 18:28:06','2026-01-04 18:28:06'),(15,'13912345678',0,3,39.907719,116.409833,50,56.1,76,NULL,NULL,NULL,'2026-01-04 18:28:07','2026-01-04 18:28:07'),(16,'13912345678',0,3,39.906358,116.404476,50,66.0,180,NULL,NULL,NULL,'2026-01-04 18:28:08','2026-01-04 18:28:08'),(17,'13912345678',0,3,39.906606,116.405071,50,32.3,72,NULL,NULL,NULL,'2026-01-04 18:28:09','2026-01-04 18:28:09'),(18,'13912345678',2,3,39.904200,116.407400,50,120.0,90,NULL,NULL,NULL,'2026-01-04 18:28:10','2026-01-04 18:28:10'),(19,'13912345678',0,3,39.909199,116.410970,50,64.8,62,NULL,NULL,NULL,'2026-01-04 18:30:40','2026-01-04 18:30:40'),(20,'13912345678',0,3,39.900473,116.403483,50,62.5,146,NULL,NULL,NULL,'2026-01-04 18:30:41','2026-01-04 18:30:41'),(21,'13912345678',0,3,39.900526,116.407268,50,34.0,138,NULL,NULL,NULL,'2026-01-04 18:30:42','2026-01-04 18:30:42'),(22,'13912345678',0,3,39.903431,116.411039,50,40.6,59,NULL,NULL,NULL,'2026-01-04 18:30:43','2026-01-04 18:30:43'),(23,'13912345678',0,3,39.907922,116.412186,50,38.1,303,NULL,NULL,NULL,'2026-01-04 18:30:44','2026-01-04 18:30:44'),(24,'13912345678',2,3,39.904200,116.407400,50,120.0,90,NULL,NULL,NULL,'2026-01-04 18:30:45','2026-01-04 18:30:45'),(25,'13912345678',0,3,39.908965,116.406309,50,38.0,302,NULL,NULL,NULL,'2026-01-04 18:38:37','2026-01-04 18:38:37'),(26,'13912345678',0,3,39.903057,116.402960,50,69.1,204,NULL,NULL,NULL,'2026-01-04 18:38:38','2026-01-04 18:38:38'),(27,'13912345678',0,3,39.900931,116.408908,50,78.0,308,NULL,NULL,NULL,'2026-01-04 18:38:39','2026-01-04 18:38:39'),(28,'13912345678',0,3,39.905830,116.409177,50,39.6,299,NULL,NULL,NULL,'2026-01-04 18:38:40','2026-01-04 18:38:40'),(29,'13912345678',0,3,39.903409,116.411212,50,62.2,71,NULL,NULL,NULL,'2026-01-04 18:38:41','2026-01-04 18:38:41'),(30,'13912345678',2,3,39.904200,116.407400,50,120.0,90,NULL,NULL,NULL,'2026-01-04 18:38:42','2026-01-04 18:38:42'),(31,'13912345678',0,3,39.899995,116.402683,50,44.5,130,NULL,NULL,NULL,'2026-01-04 18:40:16','2026-01-04 18:40:16'),(32,'13912345678',0,3,39.902128,116.407992,50,38.2,210,NULL,NULL,NULL,'2026-01-04 18:40:17','2026-01-04 18:40:17'),(33,'13912345678',0,3,39.907668,116.402773,50,53.5,126,NULL,NULL,NULL,'2026-01-04 18:40:18','2026-01-04 18:40:18'),(34,'13912345678',0,3,39.906137,116.408375,50,49.6,13,NULL,NULL,NULL,'2026-01-04 18:40:19','2026-01-04 18:40:19'),(35,'13912345678',0,3,39.908680,116.409633,50,35.7,120,NULL,NULL,NULL,'2026-01-04 18:40:20','2026-01-04 18:40:20'),(36,'13912345678',2,3,39.904200,116.407400,50,120.0,90,NULL,NULL,NULL,'2026-01-04 18:40:21','2026-01-04 18:40:21'),(37,'13912345678',0,3,39.905843,116.406491,50,36.5,184,NULL,NULL,NULL,'2026-01-05 15:23:36','2026-01-05 15:23:36'),(38,'13912345678',0,3,39.905719,116.409395,50,58.4,225,NULL,NULL,NULL,'2026-01-05 15:23:37','2026-01-05 15:23:37'),(39,'13912345678',0,3,39.899381,116.410439,50,44.9,97,NULL,NULL,NULL,'2026-01-05 15:23:38','2026-01-05 15:23:38'),(40,'13912345678',0,3,39.907048,116.411701,50,46.0,303,NULL,NULL,NULL,'2026-01-05 15:23:39','2026-01-05 15:23:39'),(41,'13912345678',0,3,39.902210,116.402488,50,63.1,56,NULL,NULL,NULL,'2026-01-05 15:23:40','2026-01-05 15:23:40'),(42,'13912345678',2,3,39.904200,116.407400,50,120.0,90,NULL,NULL,NULL,'2026-01-05 15:23:41','2026-01-05 15:23:41'),(43,'13912345678',0,3,39.906818,116.406837,50,46.4,101,NULL,NULL,NULL,'2026-01-05 15:33:12','2026-01-05 15:33:12'),(44,'13912345678',0,3,39.901340,116.404663,50,48.6,75,NULL,NULL,NULL,'2026-01-05 15:33:13','2026-01-05 15:33:13'),(45,'13912345678',0,3,39.901622,116.409052,50,52.1,153,NULL,NULL,NULL,'2026-01-05 15:33:14','2026-01-05 15:33:14'),(46,'13912345678',0,3,39.905234,116.404005,50,77.7,205,NULL,NULL,NULL,'2026-01-05 15:33:15','2026-01-05 15:33:15'),(47,'13912345678',0,3,39.904996,116.404018,50,73.1,356,NULL,NULL,NULL,'2026-01-05 15:33:16','2026-01-05 15:33:16'),(48,'13912345678',2,3,39.904200,116.407400,50,120.0,90,NULL,NULL,NULL,'2026-01-05 15:33:17','2026-01-05 15:33:17'),(49,'13912345678',0,3,39.899218,116.404517,50,63.6,340,NULL,NULL,NULL,'2026-01-05 15:37:49','2026-01-05 15:37:49'),(50,'13912345678',0,3,39.907232,116.407844,50,60.5,103,NULL,NULL,NULL,'2026-01-05 15:37:50','2026-01-05 15:37:50'),(51,'13912345678',0,3,39.899569,116.410743,50,50.5,140,NULL,NULL,NULL,'2026-01-05 15:37:51','2026-01-05 15:37:51'),(52,'13912345678',0,3,39.901510,116.405260,50,64.6,312,NULL,NULL,NULL,'2026-01-05 15:37:52','2026-01-05 15:37:52'),(53,'13912345678',0,3,39.902217,116.404758,50,57.6,164,NULL,NULL,NULL,'2026-01-05 15:37:53','2026-01-05 15:37:53'),(54,'13912345678',2,3,39.904200,116.407400,50,120.0,90,NULL,NULL,NULL,'2026-01-05 15:37:54','2026-01-05 15:37:54'),(55,'013912345678',0,3,39.900000,116.400000,50,42.0,85,12570.0,NULL,NULL,'2026-01-06 06:20:40','2026-01-06 06:50:40'),(56,'013912345678',0,3,39.902000,116.403000,50,48.5,88,12575.0,NULL,NULL,'2026-01-06 06:30:40','2026-01-06 06:50:40'),(57,'013912345678',0,3,39.903500,116.406000,50,45.0,90,12578.0,NULL,NULL,'2026-01-06 06:40:40','2026-01-06 06:50:40'),(58,'013912345678',0,3,39.904200,116.407400,50,45.5,90,12580.5,NULL,NULL,'2026-01-06 06:50:40','2026-01-06 06:50:40'),(59,'013812345680',0,3,31.225000,121.468000,10,52.0,265,45210.0,NULL,NULL,'2026-01-06 06:20:40','2026-01-06 06:50:40'),(60,'013812345680',0,3,31.228000,121.471000,10,58.5,270,45220.0,NULL,NULL,'2026-01-06 06:30:40','2026-01-06 06:50:40'),(61,'013812345680',0,3,31.229500,121.472500,10,54.0,268,45226.0,NULL,NULL,'2026-01-06 06:40:40','2026-01-06 06:50:40'),(62,'013812345680',0,3,31.230400,121.473700,10,55.8,270,45230.8,NULL,NULL,'2026-01-06 06:50:40','2026-01-06 06:50:40'),(63,'013712345682',0,3,23.124000,113.259000,25,45.0,40,67870.0,NULL,NULL,'2026-01-06 06:20:40','2026-01-06 06:50:40'),(64,'013712345682',0,3,23.126000,113.261000,25,50.5,43,67880.0,NULL,NULL,'2026-01-06 06:30:40','2026-01-06 06:50:40'),(65,'013712345682',0,3,23.127800,113.262800,25,46.0,45,67886.0,NULL,NULL,'2026-01-06 06:40:40','2026-01-06 06:50:40'),(66,'013712345682',0,3,23.129100,113.264400,25,48.2,45,67890.2,NULL,NULL,'2026-01-06 06:50:40','2026-01-06 06:50:40'),(67,'013912345678',0,3,39.920000,116.450000,50,0.0,0,12500.0,NULL,NULL,'2026-01-06 05:10:23','2026-01-06 07:10:23'),(68,'013912345678',0,3,39.921000,116.452000,50,25.5,45,12501.0,NULL,NULL,'2026-01-06 05:15:23','2026-01-06 07:10:23'),(69,'013912345678',0,3,39.922500,116.455000,50,42.0,50,12503.0,NULL,NULL,'2026-01-06 05:20:23','2026-01-06 07:10:23'),(70,'013912345678',0,3,39.924000,116.458000,50,55.0,48,12506.0,NULL,NULL,'2026-01-06 05:25:23','2026-01-06 07:10:23'),(71,'013912345678',0,3,39.926000,116.460000,50,60.0,45,12510.0,NULL,NULL,'2026-01-06 05:30:23','2026-01-06 07:10:23'),(72,'013912345678',0,3,39.928000,116.462000,50,58.0,42,12514.0,NULL,NULL,'2026-01-06 05:35:23','2026-01-06 07:10:23'),(73,'013912345678',0,3,39.930000,116.464000,50,52.0,40,12518.0,NULL,NULL,'2026-01-06 05:40:23','2026-01-06 07:10:23'),(74,'013912345678',0,3,39.932000,116.466000,50,48.0,38,12522.0,NULL,NULL,'2026-01-06 05:45:23','2026-01-06 07:10:23'),(75,'013912345678',0,3,39.934000,116.468000,50,45.0,35,12526.0,NULL,NULL,'2026-01-06 05:50:23','2026-01-06 07:10:23'),(76,'013912345678',0,3,39.936000,116.470000,50,50.0,30,12530.0,NULL,NULL,'2026-01-06 05:55:23','2026-01-06 07:10:23'),(77,'013912345678',0,3,39.938000,116.468000,50,48.0,270,12534.0,NULL,NULL,'2026-01-06 06:00:23','2026-01-06 07:10:23'),(78,'013912345678',0,3,39.938000,116.465000,50,52.0,270,12538.0,NULL,NULL,'2026-01-06 06:05:23','2026-01-06 07:10:23'),(79,'013912345678',0,3,39.938000,116.462000,50,55.0,270,12542.0,NULL,NULL,'2026-01-06 06:10:23','2026-01-06 07:10:23'),(80,'013912345678',0,3,39.938000,116.459000,50,50.0,270,12546.0,NULL,NULL,'2026-01-06 06:15:23','2026-01-06 07:10:23'),(81,'013912345678',0,3,39.938000,116.456000,50,48.0,270,12550.0,NULL,NULL,'2026-01-06 06:20:23','2026-01-06 07:10:23'),(82,'013912345678',0,3,39.938000,116.453000,50,0.0,270,12554.0,NULL,NULL,'2026-01-06 06:25:23','2026-01-06 07:10:23'),(83,'013912345678',0,3,39.938000,116.453000,50,0.0,270,12554.0,NULL,NULL,'2026-01-06 06:30:23','2026-01-06 07:10:23'),(84,'013912345678',0,3,39.938000,116.450000,50,35.0,270,12556.0,NULL,NULL,'2026-01-06 06:35:23','2026-01-06 07:10:23'),(85,'013912345678',0,3,39.938000,116.447000,50,45.0,270,12560.0,NULL,NULL,'2026-01-06 06:40:23','2026-01-06 07:10:23'),(86,'013912345678',0,3,39.938000,116.444000,50,50.0,270,12564.0,NULL,NULL,'2026-01-06 06:45:23','2026-01-06 07:10:23'),(87,'013912345678',0,3,39.940000,116.442000,50,48.0,315,12568.0,NULL,NULL,'2026-01-06 06:50:23','2026-01-06 07:10:23'),(88,'013912345678',0,3,39.942000,116.440000,50,45.0,320,12572.0,NULL,NULL,'2026-01-06 06:55:23','2026-01-06 07:10:23'),(89,'013912345678',0,3,39.944000,116.438000,50,42.0,325,12576.0,NULL,NULL,'2026-01-06 07:00:23','2026-01-06 07:10:23'),(90,'013912345678',0,3,39.904200,116.407400,50,45.5,90,12580.5,NULL,NULL,'2026-01-06 07:10:23','2026-01-06 07:10:23'),(91,'013812345680',0,3,31.200000,121.500000,10,0.0,0,45100.0,NULL,NULL,'2026-01-06 04:10:40','2026-01-06 07:10:40'),(92,'013812345680',0,3,31.202000,121.503000,10,30.0,60,45102.0,NULL,NULL,'2026-01-06 04:15:40','2026-01-06 07:10:40'),(93,'013812345680',0,3,31.204000,121.506000,10,45.0,55,45105.0,NULL,NULL,'2026-01-06 04:20:40','2026-01-06 07:10:40'),(94,'013812345680',0,3,31.206000,121.509000,10,52.0,50,45109.0,NULL,NULL,'2026-01-06 04:25:40','2026-01-06 07:10:40'),(95,'013812345680',0,3,31.208000,121.512000,10,58.0,48,45114.0,NULL,NULL,'2026-01-06 04:30:40','2026-01-06 07:10:40'),(96,'013812345680',0,3,31.210000,121.515000,10,55.0,45,45119.0,NULL,NULL,'2026-01-06 04:35:40','2026-01-06 07:10:40'),(97,'013812345680',0,3,31.212000,121.518000,10,50.0,42,45124.0,NULL,NULL,'2026-01-06 04:40:40','2026-01-06 07:10:40'),(98,'013812345680',0,3,31.214000,121.520000,10,48.0,40,45129.0,NULL,NULL,'2026-01-06 04:45:40','2026-01-06 07:10:40'),(99,'013812345680',0,3,31.216000,121.522000,10,52.0,38,45134.0,NULL,NULL,'2026-01-06 04:50:40','2026-01-06 07:10:40'),(100,'013812345680',0,3,31.218000,121.524000,10,55.0,35,45139.0,NULL,NULL,'2026-01-06 04:55:40','2026-01-06 07:10:40'),(101,'013812345680',0,3,31.220000,121.526000,10,58.0,32,45145.0,NULL,NULL,'2026-01-06 05:00:40','2026-01-06 07:10:40'),(102,'013812345680',0,3,31.222000,121.528000,10,52.0,30,45151.0,NULL,NULL,'2026-01-06 05:05:40','2026-01-06 07:10:40'),(103,'013812345680',0,3,31.224000,121.530000,10,48.0,28,45157.0,NULL,NULL,'2026-01-06 05:10:40','2026-01-06 07:10:40'),(104,'013812345680',0,3,31.226000,121.528000,10,50.0,315,45163.0,NULL,NULL,'2026-01-06 05:15:40','2026-01-06 07:10:40'),(105,'013812345680',0,3,31.228000,121.526000,10,52.0,310,45169.0,NULL,NULL,'2026-01-06 05:20:40','2026-01-06 07:10:40'),(106,'013812345680',0,3,31.230000,121.524000,10,55.0,305,45175.0,NULL,NULL,'2026-01-06 05:25:40','2026-01-06 07:10:40'),(107,'013812345680',0,3,31.232000,121.520000,10,50.0,290,45182.0,NULL,NULL,'2026-01-06 05:30:40','2026-01-06 07:10:40'),(108,'013812345680',0,3,31.234000,121.515000,10,48.0,280,45189.0,NULL,NULL,'2026-01-06 05:35:40','2026-01-06 07:10:40'),(109,'013812345680',0,3,31.235000,121.510000,10,52.0,270,45196.0,NULL,NULL,'2026-01-06 05:40:40','2026-01-06 07:10:40'),(110,'013812345680',0,3,31.235000,121.505000,10,55.0,270,45203.0,NULL,NULL,'2026-01-06 05:45:40','2026-01-06 07:10:40'),(111,'013812345680',0,3,31.235000,121.500000,10,50.0,270,45210.0,NULL,NULL,'2026-01-06 05:50:40','2026-01-06 07:10:40'),(112,'013812345680',0,3,31.234000,121.495000,10,48.0,250,45217.0,NULL,NULL,'2026-01-06 05:55:40','2026-01-06 07:10:40'),(113,'013812345680',0,3,31.232000,121.490000,10,52.0,240,45224.0,NULL,NULL,'2026-01-06 06:00:40','2026-01-06 07:10:40'),(114,'013812345680',0,3,31.230400,121.473700,10,55.8,270,45230.8,NULL,NULL,'2026-01-06 07:10:40','2026-01-06 07:10:40'),(115,'013712345682',0,3,23.100000,113.240000,25,0.0,0,67700.0,NULL,NULL,'2026-01-06 03:11:09','2026-01-06 07:11:09'),(116,'013712345682',0,3,23.102000,113.243000,25,28.0,50,67702.0,NULL,NULL,'2026-01-06 03:16:09','2026-01-06 07:11:09'),(117,'013712345682',0,3,23.104000,113.246000,25,42.0,48,67705.0,NULL,NULL,'2026-01-06 03:21:09','2026-01-06 07:11:09'),(118,'013712345682',0,3,23.106000,113.249000,25,50.0,45,67709.0,NULL,NULL,'2026-01-06 03:26:09','2026-01-06 07:11:09'),(119,'013712345682',0,3,23.108000,113.252000,25,55.0,42,67714.0,NULL,NULL,'2026-01-06 03:31:09','2026-01-06 07:11:09'),(120,'013712345682',0,3,23.110000,113.255000,25,52.0,40,67719.0,NULL,NULL,'2026-01-06 03:36:09','2026-01-06 07:11:09'),(121,'013712345682',0,3,23.112000,113.258000,25,48.0,38,67724.0,NULL,NULL,'2026-01-06 03:41:09','2026-01-06 07:11:09'),(122,'013712345682',0,3,23.114000,113.260000,25,52.0,35,67729.0,NULL,NULL,'2026-01-06 03:46:09','2026-01-06 07:11:09'),(123,'013712345682',0,3,23.116000,113.262000,25,55.0,32,67735.0,NULL,NULL,'2026-01-06 03:51:09','2026-01-06 07:11:09'),(124,'013712345682',0,3,23.118000,113.264000,25,50.0,30,67741.0,NULL,NULL,'2026-01-06 03:56:09','2026-01-06 07:11:09'),(125,'013712345682',2,3,23.120000,113.266000,25,85.0,28,67748.0,NULL,NULL,'2026-01-06 04:01:09','2026-01-06 07:11:09'),(126,'013712345682',2,3,23.122000,113.268000,25,92.0,25,67756.0,NULL,NULL,'2026-01-06 04:06:09','2026-01-06 07:11:09'),(127,'013712345682',0,3,23.124000,113.270000,25,58.0,22,67762.0,NULL,NULL,'2026-01-06 04:11:09','2026-01-06 07:11:09'),(128,'013712345682',0,3,23.126000,113.272000,25,52.0,20,67768.0,NULL,NULL,'2026-01-06 04:16:09','2026-01-06 07:11:09'),(129,'013712345682',0,3,23.128000,113.274000,25,48.0,18,67774.0,NULL,NULL,'2026-01-06 04:21:09','2026-01-06 07:11:09'),(130,'013712345682',0,3,23.130000,113.276000,25,52.0,15,67780.0,NULL,NULL,'2026-01-06 04:26:09','2026-01-06 07:11:09'),(131,'013712345682',0,3,23.132000,113.278000,25,55.0,12,67787.0,NULL,NULL,'2026-01-06 04:31:09','2026-01-06 07:11:09'),(132,'013712345682',0,3,23.134000,113.280000,25,50.0,10,67794.0,NULL,NULL,'2026-01-06 04:36:09','2026-01-06 07:11:09'),(133,'013712345682',0,3,23.136000,113.278000,25,48.0,340,67800.0,NULL,NULL,'2026-01-06 04:41:09','2026-01-06 07:11:09'),(134,'013712345682',0,3,23.138000,113.276000,25,52.0,335,67807.0,NULL,NULL,'2026-01-06 04:46:09','2026-01-06 07:11:09'),(135,'013712345682',0,3,23.140000,113.274000,25,48.0,330,67814.0,NULL,NULL,'2026-01-06 04:51:09','2026-01-06 07:11:09'),(136,'013712345682',0,3,23.138000,113.272000,25,45.0,200,67820.0,NULL,NULL,'2026-01-06 04:56:09','2026-01-06 07:11:09'),(137,'013712345682',0,3,23.135000,113.270000,25,50.0,210,67827.0,NULL,NULL,'2026-01-06 05:01:09','2026-01-06 07:11:09'),(138,'013712345682',0,3,23.132000,113.268000,25,48.0,220,67834.0,NULL,NULL,'2026-01-06 05:06:09','2026-01-06 07:11:09'),(139,'013712345682',0,3,23.129100,113.264400,25,48.2,45,67890.2,NULL,NULL,'2026-01-06 07:11:09','2026-01-06 07:11:09'),(140,'013912345679',0,3,39.880000,116.380000,48,0.0,0,8800.0,NULL,NULL,'2026-01-05 05:11:27','2026-01-06 07:11:27'),(141,'013912345679',0,3,39.882000,116.383000,48,35.0,45,8802.0,NULL,NULL,'2026-01-05 07:01:27','2026-01-06 07:11:27'),(142,'013912345679',0,3,39.885000,116.387000,48,48.0,50,8806.0,NULL,NULL,'2026-01-05 06:51:27','2026-01-06 07:11:27'),(143,'013912345679',0,3,39.888000,116.391000,48,55.0,48,8811.0,NULL,NULL,'2026-01-05 06:41:27','2026-01-06 07:11:27'),(144,'013912345679',0,3,39.891000,116.395000,48,60.0,45,8817.0,NULL,NULL,'2026-01-05 06:31:27','2026-01-06 07:11:27'),(145,'013912345679',0,3,39.894000,116.399000,48,58.0,42,8823.0,NULL,NULL,'2026-01-05 06:21:27','2026-01-06 07:11:27'),(146,'013912345679',0,3,39.897000,116.403000,48,52.0,40,8829.0,NULL,NULL,'2026-01-05 06:11:27','2026-01-06 07:11:27'),(147,'013912345679',0,3,39.900000,116.407000,48,48.0,38,8835.0,NULL,NULL,'2026-01-05 08:01:27','2026-01-06 07:11:27'),(148,'013912345679',0,3,39.903000,116.411000,48,52.0,35,8841.0,NULL,NULL,'2026-01-05 07:51:27','2026-01-06 07:11:27'),(149,'013912345679',0,3,39.906000,116.415000,48,55.0,32,8848.0,NULL,NULL,'2026-01-05 07:41:27','2026-01-06 07:11:27'),(150,'013912345679',0,3,39.909000,116.419000,48,50.0,30,8855.0,NULL,NULL,'2026-01-05 07:31:27','2026-01-06 07:11:27'),(151,'013912345679',0,3,39.912000,116.422000,48,48.0,28,8862.0,NULL,NULL,'2026-01-05 07:21:27','2026-01-06 07:11:27'),(152,'013912345679',0,3,39.915000,116.420000,48,62.0,180,8870.0,NULL,NULL,'2026-01-05 07:11:27','2026-01-06 07:11:27'),(153,'013912345679',0,3,39.900000,116.400000,48,0.0,0,8900.0,NULL,NULL,'2026-01-06 05:41:27','2026-01-06 07:11:27'),(154,'013912345679',0,3,39.902000,116.403000,48,32.0,50,8902.0,NULL,NULL,'2026-01-06 05:46:27','2026-01-06 07:11:27'),(155,'013912345679',0,3,39.904000,116.406000,48,48.0,48,8905.0,NULL,NULL,'2026-01-06 05:51:27','2026-01-06 07:11:27'),(156,'013912345679',0,3,39.906000,116.409000,48,55.0,45,8909.0,NULL,NULL,'2026-01-06 05:56:27','2026-01-06 07:11:27'),(157,'013912345679',0,3,39.908000,116.412000,48,58.0,42,8914.0,NULL,NULL,'2026-01-06 06:01:27','2026-01-06 07:11:27'),(158,'013912345679',0,3,39.910000,116.415000,48,52.0,40,8919.0,NULL,NULL,'2026-01-06 06:06:27','2026-01-06 07:11:27'),(159,'013912345679',0,3,39.912000,116.418000,48,60.0,38,8924.0,NULL,NULL,'2026-01-06 06:11:27','2026-01-06 07:11:27'),(160,'013912345679',0,3,39.914000,116.420000,48,58.0,35,8929.0,NULL,NULL,'2026-01-06 06:16:27','2026-01-06 07:11:27'),(161,'013912345679',0,3,39.915000,116.420000,48,62.0,180,8920.3,NULL,NULL,'2026-01-06 07:11:27','2026-01-06 07:11:27');
/*!40000 ALTER TABLE `locations` ENABLE KEYS */;
UNLOCK TABLES;

--
-- Table structure for table `users`
--

DROP TABLE IF EXISTS `users`;
/*!40101 SET @saved_cs_client     = @@character_set_client */;
/*!50503 SET character_set_client = utf8mb4 */;
CREATE TABLE `users` (
  `id` int NOT NULL AUTO_INCREMENT,
  `username` varchar(50) NOT NULL COMMENT 'ç”¨æˆ·å',
  `password` varchar(255) NOT NULL COMMENT 'å¯†ç ',
  `name` varchar(50) DEFAULT NULL COMMENT 'å§“å',
  `phone` varchar(20) DEFAULT NULL COMMENT 'æ‰‹æœºå·',
  `email` varchar(100) DEFAULT NULL COMMENT 'é‚®ç®±',
  `company_id` int DEFAULT NULL COMMENT 'æ‰€å±žä¼ä¸šID',
  `role_id` int DEFAULT NULL COMMENT 'è§’è‰²ID',
  `status` tinyint DEFAULT '1' COMMENT 'çŠ¶æ€ 0ç¦ç”¨ 1å¯ç”¨',
  `last_login_time` datetime DEFAULT NULL COMMENT 'æœ€åŽç™»å½•æ—¶é—´',
  `created_at` datetime DEFAULT CURRENT_TIMESTAMP,
  `updated_at` datetime DEFAULT CURRENT_TIMESTAMP ON UPDATE CURRENT_TIMESTAMP,
  PRIMARY KEY (`id`),
  UNIQUE KEY `uk_username` (`username`),
  KEY `idx_company_id` (`company_id`),
  KEY `users_company_id` (`company_id`)
) ENGINE=InnoDB AUTO_INCREMENT=3 DEFAULT CHARSET=utf8mb4 COLLATE=utf8mb4_0900_ai_ci COMMENT='ç”¨æˆ·è¡¨';
/*!40101 SET character_set_client = @saved_cs_client */;

--
-- Dumping data for table `users`
--

LOCK TABLES `users` WRITE;
/*!40000 ALTER TABLE `users` DISABLE KEYS */;
INSERT INTO `users` VALUES (1,'admin','$2b$10$EixZaYVK1fsbw1ZfbX3OXePaWxn96p36WQoeG6Lruj3vjPGga31lW','ç³»ç»Ÿç®¡ç†å‘˜',NULL,NULL,NULL,1,1,NULL,'2026-01-04 10:19:13','2026-01-06 06:50:34');
/*!40000 ALTER TABLE `users` ENABLE KEYS */;
UNLOCK TABLES;

--
-- Table structure for table `vehicles`
--

DROP TABLE IF EXISTS `vehicles`;
/*!40101 SET @saved_cs_client     = @@character_set_client */;
/*!50503 SET character_set_client = utf8mb4 */;
CREATE TABLE `vehicles` (
  `id` int NOT NULL AUTO_INCREMENT,
  `plate_no` varchar(20) NOT NULL COMMENT 'è½¦ç‰Œå·',
  `plate_color` tinyint DEFAULT '1' COMMENT 'è½¦ç‰Œé¢œè‰²',
  `vehicle_type` varchar(50) DEFAULT NULL COMMENT 'è½¦è¾†ç±»åž‹',
  `brand` varchar(50) DEFAULT NULL COMMENT 'å“ç‰Œ',
  `model` varchar(50) DEFAULT NULL COMMENT 'åž‹å·',
  `color` varchar(20) DEFAULT NULL COMMENT 'è½¦èº«é¢œè‰²',
  `vin` varchar(20) DEFAULT NULL COMMENT 'è½¦æž¶å·',
  `engine_no` varchar(20) DEFAULT NULL COMMENT 'å‘åŠ¨æœºå·',
  `company_id` int DEFAULT NULL COMMENT 'æ‰€å±žä¼ä¸šID',
  `driver_id` int DEFAULT NULL COMMENT 'ä¸»é©¾é©¶å‘˜ID',
  `status` tinyint DEFAULT '1' COMMENT 'çŠ¶æ€ 0åœç”¨ 1å¯ç”¨',
  `created_at` datetime DEFAULT CURRENT_TIMESTAMP,
  `updated_at` datetime DEFAULT CURRENT_TIMESTAMP ON UPDATE CURRENT_TIMESTAMP,
  PRIMARY KEY (`id`),
  UNIQUE KEY `uk_plate_no` (`plate_no`),
  KEY `idx_company_id` (`company_id`),
  KEY `vehicles_company_id` (`company_id`)
) ENGINE=InnoDB AUTO_INCREMENT=9 DEFAULT CHARSET=utf8mb4 COLLATE=utf8mb4_0900_ai_ci COMMENT='è½¦è¾†è¡¨';
/*!40101 SET character_set_client = @saved_cs_client */;

--
-- Dumping data for table `vehicles`
--

LOCK TABLES `vehicles` WRITE;
/*!40000 ALTER TABLE `vehicles` DISABLE KEYS */;
INSERT INTO `vehicles` VALUES (1,'京A11111',2,'重型货车','ä¸œé£Ž','DFL1160','ç™½è‰²',NULL,NULL,1,1,1,'2026-01-06 06:50:40','2026-01-06 06:53:51'),(2,'京A22222',2,'重型货车','è§£æ”¾','CA1310','è“è‰²',NULL,NULL,1,4,1,'2026-01-06 06:50:40','2026-01-06 06:53:51'),(3,'沪B33333',2,'危险品运输车','é‡æ±½','ZZ4257','é»„è‰²',NULL,NULL,2,2,1,'2026-01-06 06:50:40','2026-01-06 06:53:51'),(4,'沪B44444',1,'轻型货车','æ±Ÿæ·®','HFC1048','ç™½è‰²',NULL,NULL,2,5,1,'2026-01-06 06:50:40','2026-01-06 06:53:51'),(5,'粤C55555',2,'危险品运输车','é™•æ±½','SX4258','çº¢è‰²',NULL,NULL,3,3,1,'2026-01-06 06:50:40','2026-01-06 06:53:51'),(6,'京A66666',2,'重型牵引车','ä¸œé£Ž','DFL4251','ç™½è‰²',NULL,NULL,1,NULL,1,'2026-01-06 06:50:40','2026-01-06 06:53:51'),(7,'沪B77777',2,'集装箱运输车','è§£æ”¾','CA4250','è“è‰²',NULL,NULL,2,NULL,1,'2026-01-06 06:50:40','2026-01-06 06:53:51'),(8,'粤C88888',1,'轻型厢式货车','ç¦ç”°','BJ5049','ç™½è‰²',NULL,NULL,3,NULL,1,'2026-01-06 06:50:40','2026-01-06 06:53:51');
/*!40000 ALTER TABLE `vehicles` ENABLE KEYS */;
UNLOCK TABLES;
/*!40103 SET TIME_ZONE=@OLD_TIME_ZONE */;

/*!40101 SET SQL_MODE=@OLD_SQL_MODE */;
/*!40014 SET FOREIGN_KEY_CHECKS=@OLD_FOREIGN_KEY_CHECKS */;
/*!40014 SET UNIQUE_CHECKS=@OLD_UNIQUE_CHECKS */;
/*!40101 SET CHARACTER_SET_CLIENT=@OLD_CHARACTER_SET_CLIENT */;
/*!40101 SET CHARACTER_SET_RESULTS=@OLD_CHARACTER_SET_RESULTS */;
/*!40101 SET COLLATION_CONNECTION=@OLD_COLLATION_CONNECTION */;
/*!40111 SET SQL_NOTES=@OLD_SQL_NOTES */;

-- Dump completed on 2026-01-22  7:44:01
